Year,Species,REGION NO. 57 - INDIAN OCEAN EAST - Andhra- Pradesh,REGION NO. 57 - INDIAN OCEAN EAST - Orissa,REGION NO. 57 - INDIAN OCEAN EAST - Tamil Nadu,REGION NO. 57 - INDIAN OCEAN EAST - West Bengal,REGION NO. 57 - INDIAN OCEAN EAST - Andaman & Nicobar,REGION NO. 57 - INDIAN OCEAN EAST - Pondi- cherry,REGION NO. 57 - INDIAN OCEAN EAST - Total,REGION NO. 51 - INDIAN OCEAN WEST - Gujarat,REGION NO. 51 - INDIAN OCEAN WEST - Karnataka,REGION NO. 51 - INDIAN OCEAN WEST - Kerala,REGION NO. 51 - INDIAN OCEAN WEST - Maharashtra,REGION NO. 51 - INDIAN OCEAN WEST - Goa,REGION NO. 51 - INDIAN OCEAN WEST - Lakshadweep,REGION NO. 51 - INDIAN OCEAN WEST - Daman & Diu,REGION NO. 51 - INDIAN OCEAN WEST - Total,Total for India,Sl. No.,REGION NO. 57 - INDIAN OCEAN EAST - A.P.,REGION NO. 57 - INDIAN OCEAN EAST - T.N.,REGION NO. 57 - INDIAN OCEAN EAST - W.B.,REGION NO. 57 - INDIAN OCEAN EAST - A & N Islands,REGION NO. 57 - INDIAN OCEAN EAST - Puducherry
2007,Hilsa Ilisha (Tenualosa),,3793.0,1595.0,16072.0,196.0,654.0,22310,3240.0,,,1148.0,,,913.0,5301,27611,,,,,,
2007,Flat Fish,2165.0,1840.0,2308.0,,10.0,,6323,8121.0,4565.0,,7110.0,1950.0,,116.0,21862,28185,,,,,,
2007,Bregmaceros,2541.0,,40.0,,,488.0,3069,0.0,,,424.0,,,,424,3493,,,,,,
2007,Harpodon Neherus,15.0,1168.0,38.0,32107.0,,140.0,33468,114370.0,,,70362.0,,,540.0,185272,218740,,,,,,
2007,Sea Catfishes,2144.0,10874.0,2666.0,30171.0,285.0,337.0,46477,37821.0,597.0,,13848.0,1821.0,,1296.0,55383,101860,,,,,,
2007,Lizard Fishes,7184.0,,1127.0,,7.0,751.0,9069,,4964.0,,2698.0,,,,7662,16731,,,,,,
2007,Muraenesox spp.. (Eels),1391.0,2212.0,555.0,98.0,,59.0,4315,7591.0,21.0,169.0,3358.0,,,195.0,11334,15649,,,,,,
2007,Lactarius (Parava),4198.0,,941.0,,56.0,423.0,5618,,2963.0,3576.0,2770.0,,,,9309,14927,,,,,,
2007,Leiognathus (Silver Bellies),2328.0,1868.0,39200.0,3650.0,2450.0,1486.0,50982,0.0,4781.0,5426.0,3584.0,1664.0,,149.0,15604,66586,,,,,,
2007,Sciaenidae (Croackers),2961.0,12792.0,10666.0,7239.0,834.0,380.0,34872,135947.0,2377.0,9636.0,21720.0,1938.0,,5745.0,177363,212235,,,,,,
2007,Upeneus spp.. (Goat Fish),7437.0,,,429.0,6.0,,7872,0.0,,,13760.0,,56.0,,13816,21688,,,,,,
2007,Lates Sp. Lutjanus (Perches),4588.0,2343.0,19980.0,4480.0,4808.0,2272.0,38471,23666.0,,32272.0,699.0,950.0,217.0,1373.0,59177,97648,,,,,,
2007,Hemirhamphus spp.. (Half Beaks),6588.0,,4401.0,305.0,202.0,318.0,11814,0.0,,701.0,938.0,4822.0,,49.0,6510,18324,,,,,,
2007,Exocoetus (Flying Fish),419.0,,1942.0,,19.0,320.0,2700,0.0,,,,,140.0,,140,2840,,,,,,
2007,Sphyraena spp. (Barracudas),2248.0,,2677.0,,634.0,483.0,6042,0.0,,1598.0,,,20.0,45.0,1663,7705,,,,,,
2007,Mugilidae (Mullets),791.0,6616.0,971.0,5914.0,865.0,1358.0,16515,6120.0,215.0,44.0,598.0,102.0,,259.0,7338,23853,,,,,,
2007,Polynemidae (Indian Salmon),9621.0,1600.0,2259.0,2205.0,21.0,580.0,16286,1268.0,26.0,70.0,1331.0,25.0,,598.0,3318,19604,,,,,,
2007,Caranax spp.. (Kala Bangada),5115.0,,14564.0,3768.0,1095.0,1026.0,25568,0.0,,27583.0,6589.0,401.0,236.0,775.0,35584,61152,,,,,,
2007,Trachinotus spp..,1900.0,,,,,,1900,0.0,,,,,,31.0,31,1931,,,,,,
2007,Carangidae (Bangada),873.0,3379.0,3075.0,,2052.0,956.0,10335,20168.0,1176.0,22257.0,,,,211.0,43812,54147,,,,,,
2007,Stromatidae (Butter Fish),5521.0,8364.0,,8694.0,,849.0,23428,0.0,1572.0,9558.0,10938.0,665.0,,178.0,22911,46339,,,,,,
2007,Sardinella Indian Oil Sardine,4391.0,5561.0,,8505.0,,3348.0,21805,0.0,45637.0,155993.0,27215.0,28173.0,,98.0,257116,278921,,,,,,
2007,Engraulidae (Anchovies),6442.0,3925.0,3288.0,539.0,2981.0,690.0,17865,10426.0,2366.0,33118.0,23742.0,3.0,,951.0,70606,88471,,,,,,
2007,Other Clupeids,5824.0,4344.0,3736.0,5055.0,834.0,494.0,20287,14684.0,2425.0,16140.0,2109.0,2023.0,,1255.0,38636,58923,,,,,,
2007,Chirocentrus spp.,2892.0,2773.0,7268.0,,14.0,137.0,13084,9297.0,,263.0,2865.0,251.0,,313.0,12989,26073,,,,,,
2007,Wahoo,1340.0,,,,,,1340,0.0,,,,559.0,,,559,1899,,,,,,
2007,Spanish Mackerels,2012.0,1811.0,15454.0,,,,19277,0.0,,,,,,335.0,335,19612,,,,,,
2007,King Mackerel (Indo-Pacific),2042.0,425.0,,,,,2467,0.0,,45538.0,,,,,45538,48005,,,,,,
2007,Struooed Seerfish (Thazard Cirrus),2423.0,21.0,,,,,2444,0.0,,,9841.0,,,,9841,12285,,,,,,
2007,Seer Fish Scomberomorus spp.,4915.0,,9143.0,659.0,1204.0,1911.0,17832,14460.0,3511.0,2551.0,,4407.0,95.0,696.0,25720,43552,,,,,,
2007,Auxis Thazard Firgate & Bullet Tuna,9832.0,,,,,100.0,9932,,1157.0,,5336.0,,1331.0,127.0,7951,17883,,,,,,
2007,Euthynnus Affinis (Kawa Kawa),1835.0,705.0,4806.0,,94.0,500.0,7940,,,,,226.0,532.0,474.0,1232,9172,,,,,,
2007,Katsuwonus Pelamis (Skipjack Tuna),315.0,,,,124.0,300.0,739,,,,,1916.0,4871.0,156.0,6943,7682,,,,,,
2007,Thunnus Tonggol (Long Tail Tuna),759.0,,,,64.0,,823,,,12258.0,,,2140.0,79.0,14477,15300,,,,,,
2007,Istiophoridae (Marlin Sailfish),355.0,,,,,,355,,,,,,,21.0,21,376,,,,,,
2007,Scombridae (Tuna Like Fishes),365.0,,,,2359.0,,2724,,,,,,,113.0,113,2837,,,,,,
2007,Trichiuridae (Hair Tails),777.0,9071.0,989.0,8195.0,,651.0,19683,35869.0,7616.0,,34186.0,1368.0,,1882.0,80921,100604,,,,,,
2007,Rastelliger Ranagueta Indian Macker,3643.0,5476.0,,7470.0,,2246.0,18835,0.0,4541.0,,29530.0,19930.0,,414.0,54415,73250,,,,,,
2007,"Elasmobranches (Shark, Rays, Skates)",8338.0,6972.0,21155.0,123.0,2956.0,1158.0,40702,26194.0,2811.0,3203.0,10217.0,1228.0,75.0,874.0,44602,85304,,,,,,
2007,Other Marine Fishes,14827.0,23706.0,,14773.0,2495.0,4227.0,60028,73096.0,25290.0,129699.0,56040.0,1674.0,1687.0,2716.0,290202,350230,,,,,,
2007,Decapods - (a) Penaeid Prawn,17478.0,12672.0,22027.0,11001.0,586.0,1674.0,65438,12686.0,12742.0,49165.0,47836.0,8642.0,,50.0,131121,196559,,,,,,
2007,Decapods - (b) Non-Penaeid Prawn,24987.0,1801.0,4881.0,5527.0,18.0,398.0,37612,42567.0,,1689.0,57017.0,,,141.0,101414,139026,,,,,,
2007,Decapods - (c) Other Crust Crab,11746.0,,1578.0,,,,13324,2615.0,1960.0,431.0,664.0,,,13.0,5683,19007,,,,,,
2007,Natanian Decapods,5439.0,,,,,,5439,,,,,,,28.0,28,5467,,,,,,
2007,Marine Crust Crab,326.0,,,894.0,571.0,,1791,0.0,,4539.0,2035.0,819.0,,66.0,7459,9250,,,,,,
2007,Cephalopods - (a) Squid & Cuttle Fish,38.0,1535.0,9581.0,,12.0,480.0,11646,20526.0,14775.0,14912.0,17512.0,330.0,,381.0,68436,80082,,,,,,
2007,Cephalopods - (b) Other Molluscs,3623.0,568.0,,,,,4191,2209.0,620.0,,,,,,2829,7020,,,,,,
2007,Thunnus albacares (Yellowfin tuna),2065.0,27.0,,225.0,72.0,1352.0,3741,14830.0,,,,,,158.0,14988,18729,,,,,,
2007,Thunnus obesus (Bigeye tuna),1724.0,,,,64.0,,1788,,,,,,,135.0,135,1923,,,,,,
2007,Istiophorus platypterus (Indo-Pacific sailfish),332.0,,,,,,332,,,,,,,,0,332,,,,,,
2007,Xiphias gladius (Swordfish),0.0,,,,17.0,,17,,,,,,,,0,17,,,,,,
2007,Panaeus monodon (Giant tiger prawn),1940.0,,,,,,1940,,,,,,,79.0,79,2019,,,,,,
2007,Panaeus spp (Panaeus shrimps nei),2317.0,,,,,,2317,,,,,,,,0,2317,,,,,,
2007,Euphausia superba (Antarctic Krill),13538.0,,,,,,13538,,,,,,,,0,13538,,,,,,
2007,Crustacea (Marine crustaceans),0.0,,,,,671.0,671,,10456.0,,,,,,10456,11127,,,,,,
2007,Rana spp (Frogs),18947.0,,,,,,18947,,,,,,,,0,18947,,,,,,
2007,Ascidiacea (Sea squirts),0.0,,,,,,0,,,,,,,,0,0,,,,,,
2007,Unspecified,0.0,,189759.0,,,55.0,189814,,9380.0,,1018.0,5298.0,,448.0,16144,205958,,,,,,
2007,Deep Sea Fishing Sector @,3350.0,,,,,,3350,,,,,,,,0,3350,,,,,,
2007,Misc.,191.0,,,,,,191,66263.0,,,,,,,66263,66454,,,,,,
2007,Total,251396.0,138242.0,402670.0,178098.0,28005.0,33272.0,1031683,704034.0,168544.0,582389.0,489038.0,91185.0,11400.0,24476.0,2071066,3102749,,,,,,
2008,"Catfishes (Wallago attu, pangasius )",,,,,,,4130,,,,,,,,0,4130,1,,4130.0,,,
2008,Hilsa Ilisha (Tenualosa),,4146.0,,,,,16604,1701.0,,,1225.0,,,839.0,3765,20369,2,224.0,210.0,11744.0,261.0,19.0
2008,Flat Fish,,1851.0,,,,,9677,7559.0,4528.0,,3817.0,1767.0,,26.0,17697,27374,3,692.0,7108.0,0.0,26.0,0.0
2008,Bregmaceros,,,,,,,2491,,,,419.0,,,,419,2910,4,184.0,2065.0,0.0,,242.0
2008,Harpodon Neherus,,1081.0,,,,,15513,154709.0,,,63570.0,,,311.0,218590,234103,5,578.0,0.0,13704.0,,150.0
2008,Sea Catfishes,,9455.0,,,,,59371,42919.0,9075.0,171.0,11831.0,1462.0,,1176.0,66634,126005,6,8673.0,0.0,40145.0,379.0,719.0
2008,Lizard Fishes,,,,,,,1627,0.0,350.0,,834.0,,,,1184,2811,7,502.0,1112.0,0.0,13.0,
2008,Muraenesox spp.. (Eels),,2088.0,,,,,8887,5517.0,3181.0,170.0,5433.0,,,49.0,14350,23237,8,5976.0,397.0,400.0,,26.0
2008,Lactarius (Parava),,,,,,,1962,,4584.0,3585.0,3840.0,,,,12009,13971,9,1233.0,318.0,0.0,84.0,327.0
2008,Leiognathus (Silver Bellies),,1665.0,,,,,42199,0.0,4471.0,5408.0,4772.0,1658.0,,73.0,16382,58581,10,4550.0,31769.0,380.0,2124.0,1711.0
2008,Sciaenidae (Croackers),,9713.0,,,,,65010,139311.0,,9643.0,14530.0,2775.0,,1286.0,167545,232555,11,2919.0,12628.0,37385.0,1886.0,479.0
2008,Upeneus spp.. (Goat Fish),,,,,,,19735,0.0,,,11931.0,,47.0,,11978,31713,12,6543.0,13184.0,0.0,8.0,0.0
2008,Lates Sp. Lutjanus (Perches),,6319.0,,,,,51810,15367.0,26967.0,32214.0,299.0,276.0,227.0,691.0,76041,127851,13,8596.0,23867.0,5678.0,5110.0,2240.0
2008,Hemirhamphus spp.. (Half Beaks),,,,,,,3582,0.0,,,313.0,,,44.0,357,3939,14,834.0,2103.0,151.0,215.0,279.0
2008,Exocoetus (Flying Fish),,,,,,,25346,0.0,,,,,134.0,,134,25480,15,712.0,24186.0,0.0,18.0,430.0
2008,Sphyraena spp. (Barracudas),,,,,,,22893,0.0,328.0,2156.0,,,19.0,43.0,2546,25439,16,10551.0,10053.0,0.0,1677.0,612.0
2008,Mugilidae (Mullets),,4716.0,,,,,17823,6200.0,0.0,1637.0,208.0,122.0,,80.0,8247,26070,17,4962.0,3892.0,2384.0,1010.0,859.0
2008,Polynemidae (Indian Salmon),,1424.0,,,,,13288,1064.0,0.0,70.0,1218.0,21.0,,253.0,2626,15914,18,8550.0,2542.0,605.0,22.0,145.0
2008,Caranax spp.. (Kala Bangada),,,,,,,9219,0.0,,27575.0,11097.0,2645.0,,163.0,41480,50699,19,2183.0,1866.0,2621.0,1095.0,1454.0
2008,Trachinotus spp..,,,,,,,12584,0.0,,,,,,31.0,31,12615,20,909.0,11675.0,0.0,,0.0
2008,Carangidae (Bangada),,3371.0,,,,,13412,8315.0,2117.0,22204.0,,1638.0,,246.0,34520,47932,21,2603.0,8.0,4869.0,1716.0,845.0
2008,Stromatidae (Butter Fish),,8356.0,,,,,22807,0.0,6347.0,9406.0,6190.0,669.0,,151.0,22763,45570,22,1876.0,2065.0,9799.0,0.0,711.0
2008,Sardinella Indian Oil Sardine,,6774.0,,,,,59687,0.0,41728.0,156514.0,24236.0,32376.0,,2.0,254856,314543,23,10901.0,36932.0,743.0,0.0,4337.0
2008,Engraulidae (Anchovies),,2987.0,,,,,39501,9550.0,1809.0,33143.0,20687.0,57.0,,866.0,66112,105613,24,11141.0,20452.0,2567.0,1643.0,711.0
2008,Other Clupeids,,11509.0,,,,,51018,16980.0,3135.0,16099.0,1141.0,1295.0,,1660.0,40310,91328,25,4420.0,18545.0,7880.0,4327.0,4337.0
2008,Chirocentrus spp.,,2500.0,,,,,28067,6258.0,,264.0,2376.0,348.0,,157.0,9403,37470,26,467.0,24462.0,0.0,18.0,620.0
2008,Wahoo,,,,,,,854,0.0,,,,566.0,,,566,1420,27,0.0,0.0,0.0,,854.0
2008,Spanish Mackerels,,,,,,,5436,0.0,,,,,,76.0,76,5512,28,5282.0,0.0,0.0,,154.0
2008,King Mackerel (Indo-Pacific),,,,,,,3226,0.0,,45459.0,,,,,45459,48685,29,3226.0,0.0,0.0,,
2008,Struooed Seerfish (Thazard Cirrus),,,,,,,1171,0.0,,,7607.0,,,,7607,8778,30,1171.0,,0.0,,
2008,Seer Fish Scomberomorus spp.,,1817.0,,,,,22619,11071.0,4199.0,2560.0,,3773.0,,772.0,22375,44994,31,8651.0,8935.0,79.0,1215.0,1922.0
2008,Auxis Thazard Firgate & Bullet Tuna,,,,,,,2856,0.0,0.0,,4180.0,,99.0,,4279,7135,32,1386.0,,,,1470.0
2008,Euthynnus Affinis (Kawa Kawa),,711.0,,,,,1107,0.0,,,0.0,455.0,1420.0,395.0,2270,3377,33,284.0,,,84.0,28.0
2008,Katsuwonus Pelamis (Skipjack Tuna),,,,,,,1353,0.0,1465.0,,,70.0,7119.0,169.0,8823,10176,34,1331.0,,,2.0,20.0
2008,Thunnus Tonggol (Long Tail Tuna),,,,,,,9080,0.0,,12263.0,,,590.0,192.0,13045,22125,35,4235.0,4845.0,,0.0,
2008,Istiophoridae (Marlin Sailfish),,,,,,,2730,0.0,,,,,102.0,,102,2832,36,304.0,2422.0,,4.0,
2008,Scombridae (Tuna Like Fishes),,1518.0,,,,,9863,0.0,,,,0.0,,190.0,190,10053,37,3557.0,2422.0,0.0,2366.0,
2008,Trichiuridae (Hair Tails),,1016.0,,,,,24724,26986.0,2566.0,,29619.0,2095.0,,1321.0,62587,87311,38,6352.0,11556.0,5273.0,0.0,527.0
2008,Rastelliger Ranagueta Indian Macker,,,,,,,29460,0.0,13120.0,,12667.0,2597.0,,291.0,28675,58135,39,8270.0,16480.0,2428.0,0.0,2282.0
2008,"Elasmobranchs (Shark, Rays, Skates)",,4194.0,,,,,38426,19658.0,9274.0,3208.0,7583.0,1552.0,58.0,843.0,42176,80602,40,13808.0,11556.0,4133.0,3489.0,1246.0
2008,Other Marine Fishes,,21477.0,,,,,64188,142565.0,24525.0,128527.0,35999.0,1552.0,1912.0,2870.0,337950,402138,41,32826.0,,8411.0,0.0,1474.0
2008,Decapods - (a) Penaeid Prawn,,29207.0,,,,,89555,9299.0,16542.0,49353.0,43299.0,,,926.0,119419,208974,42,30813.0,17950.0,9600.0,426.0,1559.0
2008,Decapods - (b) Non-Penaeid Prawn,,14105.0,,,,,35789,31143.0,2568.0,1731.0,57741.0,7583.0,,100.0,100866,136655,43,9587.0,5162.0,6400.0,178.0,357.0
2008,Decapods - (c) Other Crust Crab,,,,,,,6132,2225.0,2475.0,427.0,451.0,,,2.0,5580,11712,44,6132.0,0.0,0.0,0.0,
2008,Natanian Decapods,,,,,,,18,0.0,,,,,,11.0,11,29,45,18.0,0.0,0.0,0.0,
2008,Marine Crust Crab,,1822.0,,,,,30083,0.0,,4493.0,625.0,1011.0,,66.0,6195,36278,46,833.0,26865.0,0.0,563.0,
2008,Cephalopods - (a) Squid & Cuttle Fish,,2110.0,,,,,11813,19301.0,7791.0,14879.0,12186.0,295.0,,656.0,55108,66921,47,3575.0,6116.0,0.0,12.0,
2008,Cephalopods - (b) Other Molluscs,,24.0,,,,,2578,552.0,7364.0,,,,,,7916,10494,48,1022.0,0.0,0.0,,1532.0
2008,Thunnus albacares (Yellowfin tuna),,,,,,,11620,10366.0,,,,,,169.0,10535,22155,49,5298.0,4845.0,4.0,2.0,1471.0
2008,Thunnus obesus (Bigeye tuna),,,,,,,5083,,,,,,,146.0,146,5229,50,5012.0,,,71.0,
2008,Istiophorus platypterus (Indo-Pacific sailfish),,,,,,,27,,,,,,,,0,27,51,27.0,,,,
2008,Xiphias gladius (Swordfish),,,,,,,1221,,,,,,,,0,1221,52,1202.0,,,19.0,
2008,Panaeus monodon (Giant tiger prawn),,,,,,,3905,,1542.0,,,,,,1542,5447,53,3905.0,,,,
2008,Panaeus spp (Panaeus shrimps nei),,,,,,,8668,,,,,,,,0,8668,54,8668.0,,,,
2008,Euphausia superba (Antarctic Krill),,,,,,,0,,,,,,,,0,0,55,0.0,,,,
2008,Crustacea (Marine crustaceans),,,,,,,1774,,5025.0,,,,,,5025,6799,56,461.0,635.0,73.0,,605.0
2008,Rana spp (Frogs),,,,,,,0,,,,,,,,0,0,57,0.0,,,,
2008,Ascidiacea (Sea squirts),,,,,,,4,,,,,,,,0,4,58,4.0,,,,
2008,Unspecified,,,,,,,35788,,18671.0,,95.0,4344.0,,153.0,23263,59051,59,29455.0,754.0,0.0,2732.0,2847.0
2008,Deep Sea Fishing Sector @,,,,,,,15779,,,,,,,,0,15779,60,15779.0,,,,
2008,Misc.,,,,,,,0,,,,,,,,0,0,61,,,,,
2008,Total,,155956.0,,,,,1095173,688616.0,225747.0,583159.0,402019.0,73002.0,11727.0,17495.0,2001765,3096938,Total,313253.0,376112.0,177456.0,32795.0,39601.0
2009,"Catfishes (Wallago attu, pangasius )",,,,,,,4172,,,,,2279.0,,,2279,6451,1,,4172.0,,,
2009,Hilsa Ilisha (Tenualosa),,3256.0,,,,,14391,1616.0,,,1225.0,,,375.0,3216,17607,2,230.0,58.0,10560.0,280.0,7.0
2009,Flat Fish,,1624.0,,,,,9778,10184.0,5932.0,,3817.0,1532.0,,88.0,21553,31331,3,712.0,6638.0,,9.0,795.0
2009,Bregmaceros,,,,,,,2485,0.0,,,419.0,,,0.0,419,2904,4,190.0,2042.0,,,253.0
2009,Harpodon Neherus,,1317.0,,,,,17090,112305.0,,,63570.0,51.0,,495.0,176421,193511,5,595.0,0.0,15009.0,,169.0
2009,Sea Catfishes,,9447.0,,,,,47932,40447.0,0.0,169.0,11831.0,,,1001.0,53448,101380,6,8928.0,,28450.0,385.0,722.0
2009,Lizard Fishes,,,,,,,1705,0.0,8253.0,,834.0,,,14.0,9101,10806,7,517.0,1163.0,,25.0,0.0
2009,Muraenesox spp.. (Eels),,2213.0,,,,,9355,5345.0,149.0,169.0,2018.0,,,24.0,7705,17060,8,6152.0,741.0,236.0,0.0,13.0
2009,Lactarius (Parava),,,,,,,3523,0.0,511.0,3544.0,2017.0,,,,6072,9595,9,1768.0,859.0,,91.0,805.0
2009,Leiognathus (Silver Bellies),,2214.0,,,,,42171,0.0,5632.0,5336.0,537.0,1976.0,,20.0,13501,55672,10,4684.0,29765.0,1506.0,2200.0,1802.0
2009,Sciaenidae (Croackers),,11537.0,,,,,55060,161660.0,722.0,9522.0,14530.0,2207.0,,1014.0,189655,244715,11,3005.0,13468.0,24605.0,1920.0,525.0
2009,Upeneus spp.. (Goat Fish),,,,,,,22028,0.0,,,11931.0,,57.0,,11988,34016,12,6736.0,15057.0,225.0,10.0,0.0
2009,Lates SP. Lutjanus (Perches),,10199.0,,,,,60026,21454.0,27467.0,31107.0,299.0,266.0,234.0,588.0,81415,141441,13,8849.0,21003.0,12853.0,5340.0,1782.0
2009,Hemirhamphus spp.. (Half Beaks),,,,,,,4291,0.0,,,313.0,,,28.0,341,4632,14,858.0,2447.0,367.0,312.0,307.0
2009,Exocoetus (Flying Fish),,,,,,,5092,0.0,,,0.0,,136.0,34.0,170,5262,15,733.0,3931.0,,0.0,428.0
2009,Sphyraena spp. (Barracudas),,,,,,,8958,0.0,512.0,2118.0,0.0,,20.0,13.0,2663,11621,16,4519.0,2286.0,,1430.0,723.0
2009,Mugilidae (Mullets),,8044.0,,,,,22827,5332.0,0.0,1636.0,208.0,236.0,,77.0,7489,30316,17,5108.0,2888.0,4782.0,1100.0,905.0
2009,Polynemidae (Indian Salmon),,1650.0,,,,,14975,1438.0,0.0,69.0,1218.0,,,176.0,2901,17876,18,8802.0,1925.0,2075.0,321.0,202.0
2009,Caranax spp.. (Kala Bangada),,,,,,,18494,0.0,,27429.0,11097.0,4035.0,,640.0,43201,61695,19,2247.0,11793.0,2888.0,0.0,1566.0
2009,Trachinotus spp..,,,,,,,1939,0.0,,,,,,17.0,17,1956,20,936.0,1003.0,,0.0,0.0
2009,Carangidae (Bangada),,4973.0,,,,,20400,10024.0,358.0,21410.0,,15169.0,,286.0,47247,67647,21,2680.0,0.0,9719.0,2640.0,388.0
2009,Stromatidae (Butter Fish),,8177.0,,,,,19912,0.0,6847.0,9470.0,6190.0,1637.0,,151.0,24295,44207,22,1931.0,2086.0,6835.0,,883.0
2009,Sardinella Indian Oil Sardine,,6707.0,,,,,58394,0.0,59570.0,154247.0,24236.0,23496.0,,56.0,261605,319999,23,11222.0,37345.0,1228.0,,1892.0
2009,Engraulidae (Anchovies),,3626.0,,,,,36026,10627.0,2640.0,32506.0,20687.0,,,782.0,67242,103268,24,11469.0,14039.0,4619.0,1684.0,589.0
2009,Other Clupeids,,11298.0,,,,,52500,17576.0,1978.0,15546.0,1141.0,3.0,,893.0,37137,89637,25,4550.0,23185.0,8066.0,4585.0,816.0
2009,Chirocentrus spp.,,2515.0,,,,,27948,6568.0,,264.0,2376.0,,,235.0,9443,37391,26,481.0,24710.0,,0.0,242.0
2009,Wahoo,,,,,,,0,0.0,,,,,,0.0,0,0,27,0.0,,,,
2009,Spanish Mackerels,,,,,,,5437,0.0,,,,,,259.0,259,5696,28,5437.0,0.0,,,
2009,King Mackerel (Indo-Pacific),,,,,,,3320,0.0,,45335.0,,,,50.0,45385,48705,29,3320.0,,,,
2009,Struooed Seerfish (Thazard Cirrus),,,,,,,1205,0.0,,,7607.0,,,,7607,8812,30,1205.0,,,,
2009,Seer Fish Scomberomorus spp.,,2751.0,,,,,24878,11058.0,6446.0,2517.0,,2285.0,,327.0,22633,47511,31,8906.0,9025.0,1125.0,1021.0,2050.0
2009,Auxis Thazard Firgate & Bullet Tuna,,,,,,,3231,0.0,0.0,,4180.0,,105.0,611.0,4896,8127,32,1427.0,,,,1804.0
2009,Euthynnus Affinis (Kawa Kawa),,358.0,,,,,676,0.0,,,0.0,,1560.0,110.0,1670,2346,33,292.0,,,26.0,
2009,Katsuwonus Pelamis (Skipjack Tuna),,,,,,,1370,0.0,1283.0,,,,7663.0,47.0,8993,10363,34,1370.0,,,0.0,
2009,Thunnus Tonggol (Long Tail Tuna),,,,,,,4427,0.0,,12183.0,,,540.0,3.0,12726,17153,35,4359.0,,,68.0,
2009,Istiophoridae (Marlin Sailfish),,,,,,,2728,0.0,,,,,110.0,11.0,121,2849,36,313.0,,,2415.0,
2009,Scombridae (Tuna Like Fishes),,4399.0,,,,,12955,0.0,,,,1044.0,,67.0,1111,14066,37,3662.0,4894.0,,0.0,
2009,Trichiuridae (Hair Tails),,5415.0,,,,,25997,28789.0,15631.0,,29619.0,558.0,,44.0,74641,100638,38,6539.0,7541.0,5919.0,,583.0
2009,Rastelliger Ranagueta Indian Macker,,,,,,,32499,0.0,27100.0,,12667.0,,,589.0,40356,72855,39,8514.0,11673.0,9949.0,,2363.0
2009,"Elasmobranchs (Shark, Rays, Skates)",,4764.0,,,,,43468,16044.0,1236.0,3123.0,7583.0,1367.0,51.0,412.0,29816,73284,40,14214.0,16647.0,4826.0,1838.0,1179.0
2009,Other Marine Fishes,,14973.0,,,,,94101,150988.0,25025.0,123406.0,35999.0,9736.0,1808.0,6103.0,353065,447166,41,25308.0,37489.0,10138.0,0.0,6193.0
2009,Decapods - (a) Penaeid Prawn,,11310.0,,,,,66256,12195.0,9209.0,48456.0,43299.0,,,170.0,113329,179585,42,14064.0,30085.0,8532.0,488.0,1777.0
2009,Decapods - (b) Non-Penaeid Prawn,,2755.0,,,,,25003,33400.0,0.0,1714.0,57741.0,9795.0,,48.0,102698,127701,43,9869.0,8063.0,3832.0,190.0,294.0
2009,Decapods - (c) Other Crust Crab,,,,,,,33388,2519.0,2217.0,412.0,451.0,,,42.0,5641,39029,44,6312.0,27076.0,0.0,,
2009,Natanian Decapods,,,,,,,18,0.0,,,,71.0,,27.0,98,116,45,18.0,,,,
2009,Marine Crust Crab,,2314.0,,,,,4275,0.0,,4628.0,625.0,1349.0,,88.0,6690,10965,46,857.0,,400.0,704.0,
2009,Cephalopods - (a) Squid & Cuttle Fish,,545.0,,,,,12561,17090.0,9090.0,14538.0,12186.0,1595.0,,63.0,54562,67123,47,3680.0,6819.0,,14.0,1503.0
2009,Cephalopods - (b) Other Molluscs,,24.0,,,,,1076,338.0,8410.0,,,,,0.0,8748,9824,48,1052.0,,,,
2009,Thunnus albacares (Yellowfin tuna),,,,,,,5509,6141.0,,,,,,33.0,6174,11683,49,5454.0,,27.0,28.0,0.0
2009,Thunnus obesus (Bigeye tuna),,,,,,,5159,,,,,,,97.0,97,5256,50,5159.0,,,0.0,
2009,Istiophorus platypterus (Indo-Pacific sailfish),,,,,,,28,,,,,,,,0,28,51,28.0,,,,
2009,Xiphias gladius (Swordfish),,,,,,,1287,,,,,,,,0,1287,52,1237.0,,,50.0,
2009,Panaeus monodon (Giant tiger prawn),,,,,,,4020,,919.0,,,,,,919,4939,53,4020.0,,,,
2009,Panaeus spp (Panaeus shrimps nei),,,,,,,8923,,,,,,,,0,8923,54,8923.0,,,,
2009,Euphausia superba (Antarctic Krill),,,,,,,0,,,,,,,,0,0,55,0.0,,,,
2009,Crustacea (Marine crustaceans),,27.0,,,,,1973,,2871.0,,,,,,2871,4844,56,475.0,722.0,76.0,,673.0
2009,Rana spp (Frogs),,,,,,,0,,,,,,,,0,0,57,0.0,,,,
2009,Ascidiacea (Sea squirts),,,,,,,4,,,,,,,,0,4,58,4.0,,,,
2009,Unspecified,,,,,,,36459,,18721.0,,95.0,,,211.0,19027,55486,59,30321.0,401.0,,2891.0,2846.0
2009,Deep Sea Fishing Sector @,,,,,,,16243,,,,,,,,0,16243,60,16243.0,,,,
2009,Misc.,,,,,,,14970,0.0,,,,,,,0,14970,61,,14970.0,,,
2009,Total,,138432.0,,,,,1074916,683138.0,248729.0,570854.0,392546.0,80687.0,12284.0,16419.0,2004657,3079573,Total,290484.0,398009.0,178847.0,32065.0,37079.0
2010,"Catfishes (Wallago attu, pangasius )",,,,,,,5716,,,,,1402.0,,,1402,7118,1,1425.0,4291.0,,,
2010,Hilsa Ilisha (Tenualosa),,4428.0,,,,,62036,9919.0,1053.0,,1256.0,,,652.0,12880,74916,2,2267.0,60.0,54930.0,301.0,50.0
2010,Flat Fish,,1970.0,,,,,18957,6355.0,11064.0,,4220.0,1606.0,,88.0,23333,42290,3,9593.0,7386.0,0.0,8.0,0.0
2010,Bregmaceros,,,,,,,3088,0.0,,,267.0,,,,267,3355,4,576.0,2187.0,0.0,,325.0
2010,Harpodon Neherus,,1767.0,,,,,21941,72703.0,,,60931.0,1.0,,335.0,133970,155911,5,9939.0,0.0,9991.0,,244.0
2010,Sea Catfishes,,6927.0,,,,,35061,32394.0,1656.0,167.0,13493.0,,,1135.0,48845,83906,6,8759.0,0.0,18253.0,398.0,724.0
2010,Lizard Fishes,,,,,,,2444,0.0,9587.0,,1562.0,,,6.0,11155,13599,7,1238.0,1197.0,0.0,9.0,
2010,Muraenesox spp.. (Eels),,1968.0,,,,,7590,3048.0,4349.0,168.0,1431.0,,,80.0,9076,16666,8,4906.0,454.0,199.0,,63.0
2010,Lactarius (Parava),,,,,,,3339,0.0,1611.0,3447.0,3274.0,,,,8332,11671,9,2424.0,371.0,0.0,118.0,426.0
2010,Leiognathus (Silver Bellies),,2974.0,,,,,45081,0.0,4305.0,5266.0,1168.0,1584.0,,56.0,12379,57460,10,3824.0,33256.0,475.0,3060.0,1492.0
2010,Sciaenidae (Croackers),,11992.0,,,,,52003,149023.0,7341.0,8811.0,16712.0,1376.0,,1520.0,184783,236786,11,6773.0,13080.0,17697.0,1914.0,547.0
2010,Upeneus spp.. (Goat Fish),,0.0,,,,,19106,0.0,,,11119.0,,69.0,,11188,30294,12,5141.0,13657.0,299.0,9.0,0.0
2010,Lates Sp. Lutjanus (Perches),,7819.0,,,,,57713,16062.0,53.0,30483.0,386.0,1303.0,275.0,954.0,49516,107229,13,7348.0,24954.0,10121.0,5210.0,2261.0
2010,Hemirhamphus spp.. (Half Beaks),,,,,,,4282,0.0,97.0,,462.0,,,17.0,576,4858,14,770.0,2517.0,367.0,304.0,324.0
2010,Exocoetus (Flying Fish),,,,,,,6475,0.0,43.0,,,,153.0,13.0,209,6684,15,1987.0,4044.0,0.0,0.0,444.0
2010,Sphyraena spp. (Barracudas),,,,,,,5918,0.0,2927.0,2085.0,,,22.0,11.0,5045,10963,16,1333.0,2245.0,0.0,1616.0,724.0
2010,Mugilidae (Mullets),,5252.0,,,,,24763,4961.0,582.0,1626.0,363.0,158.0,,85.0,7775,32538,17,8622.0,2971.0,4980.0,1084.0,1854.0
2010,Polynemidae (Indian Salmon),,,,,,,9428,5439.0,0.0,68.0,896.0,9.0,,188.0,6600,16028,18,5413.0,1981.0,1448.0,311.0,275.0
2010,Caranax spp.. (Kala Bangada),,,,,,,15874,0.0,18352.0,27185.0,10454.0,3592.0,,544.0,60127,76001,19,237.0,12131.0,2006.0,0.0,1500.0
2010,Trachinotus spp..,,,,,,,2014,0.0,,,,,,52.0,52,2066,20,1029.0,985.0,0.0,0.0,0.0
2010,Carangidae (Bangada),,5179.0,,,,,22996,8822.0,3903.0,20765.0,,23831.0,,254.0,57575,80571,21,6946.0,0.0,7115.0,3235.0,521.0
2010,Stromatidae (Butter Fish),,8003.0,,,,,18081,0.0,0.0,9448.0,10689.0,1116.0,,169.0,21422,39503,22,2066.0,2048.0,5964.0,0.0,
2010,Sardinella Indian Oil Sardine,,7769.0,,,,,60144,0.0,67910.0,151971.0,19075.0,23732.0,,73.0,262761,322905,23,10902.0,36666.0,1237.0,0.0,3570.0
2010,Engraulidae (Anchovies),,5567.0,,,,,37398,13187.0,2997.0,31972.0,16463.0,2.0,,1292.0,65913,103311,24,9815.0,13784.0,5297.0,2323.0,612.0
2010,Other Clupeids,,15663.0,,,,,55726,13074.0,2273.0,15314.0,600.0,19.0,,1129.0,32409,88135,25,6478.0,22763.0,6080.0,3913.0,829.0
2010,Chirocentrus spp.,,1578.0,,,,,28944,5812.0,,244.0,2656.0,,,240.0,8952,37896,26,2826.0,24260.0,0.0,0.0,280.0
2010,Wahoo,,,,,,,2306,0.0,,,,185.0,105.0,,290,2596,27,2306.0,,0.0,,
2010,Spanish Mackerels,,,,,,,6111,0.0,,,,,,125.0,125,6236,28,6111.0,,0.0,,
2010,King Mackerel (Indo-Pacific),,,,,,,893,0.0,1113.0,45017.0,,,,151.0,46281,47174,29,893.0,0.0,0.0,,
2010,Struooed Seerfish (Thazard Cirrus),,,,,,,4365,0.0,,,7628.0,,,342.0,7970,12335,30,4365.0,0.0,0.0,,
2010,Seer Fish Scomberomorus spp.,,3294.0,,,,,24400,12295.0,2306.0,2539.0,,1229.0,,,18369,42769,31,9289.0,8861.0,263.0,816.0,1877.0
2010,Auxis Thazard Firgate & Bullet Tuna,,,,,,,5577,0.0,484.0,,,,105.0,529.0,1118,6695,32,3955.0,,,,1622.0
2010,Euthynnus Affinis (Kawa Kawa),,441.0,,,,,3165,0.0,,,,,160.0,168.0,328,3493,33,2724.0,,,0.0,
2010,Katsuwonus Pelamis (Skipjack Tuna),,,,,,,1066,0.0,0.0,,,,8475.0,22.0,8497,9563,34,1031.0,,,35.0,
2010,Thunnus Tonggol (Long Tail Tuna),,,,,,,758,0.0,65.0,12072.0,,,,63.0,12200,12958,35,758.0,,,0.0,
2010,Istiophoridae (Marlin Sailfish),,,,,,,839,0.0,46.0,,,,,3.0,49,888,36,776.0,,,63.0,
2010,Scombridae (Tuna Like Fishes),,2042.0,,,,,10509,0.0,,,4824.0,2542.0,,25.0,7391,17900,37,1102.0,4805.0,0.0,2560.0,
2010,Trichiuridae (Hair Tails),,6847.0,,,,,22071,54270.0,0.0,,24396.0,839.0,,78.0,79583,101654,38,5898.0,2442.0,4865.0,0.0,2019.0
2010,Rastelliger Ranagueta Indian Macker,,,,,,,37176,0.0,32333.0,,44164.0,,,683.0,77180,114356,39,15029.0,11851.0,9279.0,0.0,1017.0
2010,"Elasmobranches (Shark, Rays, Skates)",,4451.0,,,,,51130,15951.0,2105.0,3003.0,6588.0,3197.0,54.0,485.0,31383,82513,40,14786.0,16900.0,7484.0,2626.0,4883.0
2010,Other Marine Fishes,,15620.0,,,,,85464,157637.0,9224.0,120601.0,34347.0,6630.0,1454.0,4086.0,333979,419443,41,17731.0,38060.0,12083.0,0.0,1970.0
2010,Decapods - (a) Penaeid Prawn,,10312.0,,,,,66467,17286.0,16074.0,47678.0,34455.0,,,243.0,115736,182203,42,14330.0,30543.0,10156.0,468.0,658.0
2010,Decapods - (b) Non-Penaeid Prawn,,4051.0,,,,,28325,35807.0,1111.0,1693.0,67798.0,9970.0,,111.0,116490,144815,43,12340.0,8185.0,3575.0,174.0,
2010,Decapods - (c) Other Crust Crab,,,,,,,31634,2829.0,3852.0,402.0,450.0,,,32.0,7565,39199,44,4145.0,27489.0,0.0,0.0,
2010,Natanian Decapods,,,,,,,53,0.0,,,,53.0,,9.0,62,115,45,53.0,0.0,0.0,0.0,
2010,Marine Crust Crab,,3009.0,,,,,10824,0.0,,4528.0,1461.0,763.0,,139.0,6891,17715,46,6806.0,,299.0,710.0,
2010,Cephalopods - (a) Squid & Cuttle Fish,,1173.0,,,,,12781,34715.0,29570.0,14269.0,16315.0,1941.0,50.0,355.0,97215,109996,47,4668.0,6923.0,0.0,17.0,
2010,Cephalopods - (b) Other Molluscs,,75.0,,,,,2994,813.0,0.0,,,,,,813,3807,48,1726.0,0.0,0.0,0.0,1193.0
2010,Thunnus albacares (Yellowfin tuna),,,,,,,1959,4886.0,,,,,1082.0,41.0,6009,7968,49,1778.0,,158.0,23.0,
2010,Thunnus obesus (Bigeye tuna),,,,,,,1004,,389.0,,,,,35.0,424,1428,50,1004.0,,,0.0,
2010,Istiophorus platypterus (Indo-Pacific sailfish),,,,,,,1697,,100.0,,,,86.0,,186,1883,51,1697.0,,,,
2010,Xiphias gladius (Swordfish),,,,,,,3094,,,,,,,,0,3094,52,3038.0,,,56.0,
2010,Panaeus monodon (Giant tiger prawn),,,,,,,5677,,0.0,,,,,,0,5677,53,5677.0,,,,
2010,Panaeus spp (Panaeus shrimps nei),,,,,,,4660,,,,,,,,0,4660,54,4660.0,,,,
2010,Euphausia superba (Antarctic Krill),,,,,,,3191,,,,,,,,0,3191,55,3191.0,,,,
2010,Crustacea (Marine crustaceans),,5.0,,,,,3344,,0.0,,,,,,0,3344,56,1489.0,733.0,,,1117.0
2010,Rana spp (Frogs),,,,,,,0,,,,,,,,0,0,57,0.0,,,,
2010,Ascidiacea (Sea squirts),,,,,,,7,,,,,,,,0,7,58,7.0,,,,
2010,Unspecified,,,,,,,11542,,101695.0,,4311.0,,,192.0,106198,117740,59,5859.0,407.0,0.0,2379.0,2897.0
2010,Deep Sea Fishing Sector @,,,,,,,296,,,,,,,,0,296,60,296.0,,,,
2010,Misc.,,,,,,,20125,,,,,,,,0,20125,61,,20125.0,,,
2010,Total,,140176.0,,,,,1091622,677288.0,340570.0,560822.0,424214.0,87080.0,12090.0,16810.0,2118874,3210496,Total,282155.0,404612.0,194621.0,33740.0,36318.0
2011,"Catfishes (Wallago attu, pangasius )",,,,,,,0,,,,,,,,0,0,1,,,,,
2011,Hilsa Ilisha (Tenualosa),,2978.0,,,,,22947,3568.0,13566.0,,1649.0,3995.0,,524.0,23302,46249,2,3109.0,12.0,16523.0,301.0,24.0
2011,Flat Fish,,1527.0,,,,,14641,0.0,,,7437.0,,,132.0,7569,22210,3,3290.0,8620.0,0.0,28.0,1176.0
2011,Bregmaceros,,,,,,,4596,68080.0,100.0,,547.0,,,,68727,73323,4,2000.0,2219.0,0.0,,377.0
2011,Harpodon Neherus,,1570.0,,,,,16621,26911.0,2425.0,181.0,51190.0,1545.0,,515.0,82767,99388,5,3350.0,,11390.0,,311.0
2011,Sea Catfishes,,6878.0,,,,,39802,0.0,4494.0,,14323.0,,,1423.0,20240,60042,6,6423.0,4438.0,21072.0,198.0,793.0
2011,Lizard Fishes,,,,,,,2042,3786.0,603.0,167.0,1494.0,,,14.0,6064,8106,7,838.0,1195.0,0.0,9.0,
2011,Muraenesox spp.. (Eels),,1268.0,,,,,7076,0.0,,3416.0,1018.0,,,39.0,4473,11549,8,5503.0,25.0,207.0,,73.0
2011,Lactarius (Parava),,,,,,,4010,0.0,3528.0,5208.0,2261.0,1012.0,,,12009,16019,9,2875.0,201.0,0.0,518.0,416.0
2011,Leiognathus (Silver Bellies),,2652.0,,,,,46157,165551.0,4367.0,8721.0,808.0,1448.0,,59.0,180954,227111,10,4338.0,34053.0,490.0,3060.0,1564.0
2011,Sciaenidae (Croackers),,10271.0,,,,,63046,0.0,,,17247.0,572.0,,3015.0,20834,83880,11,10313.0,13570.0,27236.0,1014.0,642.0
2011,Upeneus spp.. (Goat Fish),,0.0,,,,,19022,18613.0,971.0,29960.0,9411.0,,70.0,,59025,78047,12,3555.0,15172.0,284.0,11.0,0.0
2011,Lates Sp. Lutjanus (Perches),,4763.0,,,,,56124,0.0,172.0,,476.0,,275.0,1311.0,2234,58358,13,7426.0,27656.0,10627.0,4010.0,1642.0
2011,Hemirhamphus spp.. (Half Beaks),,,,,,,5331,0.0,77.0,,432.0,,,24.0,533,5864,14,1850.0,2603.0,330.0,242.0,306.0
2011,Exocoetus (Flying Fish),,,,,,,4901,0.0,2220.0,2056.0,0.0,2820.0,15.0,4.0,7115,12016,15,251.0,4182.0,0.0,0.0,468.0
2011,Sphyraena spp. (Barracudas),,,,,,,8119,5433.0,570.0,1620.0,0.0,88.0,222.0,11.0,7944,16063,16,1339.0,3394.0,0.0,2616.0,770.0
2011,Mugilidae (Mullets),,5778.0,,,,,33326,3165.0,45.0,67.0,273.0,,,129.0,3679,37005,17,16401.0,2731.0,5577.0,1764.0,1075.0
2011,Polynemidae (Indian Salmon),,,,,,,6879,0.0,20808.0,26914.0,1719.0,,,369.0,49810,56689,18,2899.0,2006.0,1303.0,311.0,360.0
2011,Caranax spp.. (Kala Bangada),,,,,,,21440,0.0,,,7209.0,,,400.0,7609,29049,19,3109.0,14555.0,2226.0,0.0,1550.0
2011,Trachinotus spp..,,,,,,,6517,10890.0,6847.0,20379.0,0.0,655.0,,257.0,39028,45545,20,927.0,5590.0,0.0,0.0,0.0
2011,Carangidae (Bangada),,4421.0,,,,,18325,0.0,851.0,9411.0,0.0,978.0,,1058.0,12298,30623,21,1882.0,0.0,8100.0,3215.0,707.0
2011,Stromatidae (Butter Fish),,7136.0,,,,,20259,0.0,98436.0,152071.0,9919.0,23120.0,,1072.0,284618,304877,22,4104.0,2219.0,6800.0,0.0,
2011,Sardinella Indian Oil Sardine,,7169.0,,,,,59634,10941.0,5492.0,32034.0,48363.0,,,89.0,96919,156553,23,10077.0,34139.0,6380.0,0.0,1869.0
2011,Engraulidae (Anchovies),,3432.0,,,,,42219,10958.0,5766.0,14976.0,20589.0,4070.0,,2641.0,59000,101219,24,11700.0,17514.0,6500.0,2402.0,671.0
2011,Other Clupeids,,11485.0,,,,,55985,6962.0,400.0,247.0,1154.0,62.0,,421.0,9246,65231,25,9870.0,24793.0,5470.0,3458.0,909.0
2011,Chirocentrus spp.,,1983.0,,,,,12308,0.0,,,2809.0,376.0,,253.0,3438,15746,26,1114.0,8833.0,0.0,0.0,378.0
2011,Wahoo,,,,,,,318,0.0,,,0.0,,106.0,0.0,106,424,27,318.0,0.0,0.0,,
2011,Spanish Mackerels,,,,,,,7184,0.0,89.0,44510.0,0.0,,,521.0,45120,52304,28,7184.0,0.0,0.0,,
2011,King Mackerel (Indo-Pacific),,,,,,,2972,0.0,,,0.0,,,237.0,237,3209,29,2972.0,0.0,0.0,,
2011,Struooed Seerfish (Thazard Cirrus),,,,,,,2332,11409.0,5120.0,2510.0,8690.0,1844.0,,0.0,29573,31905,30,2332.0,0.0,0.0,,
2011,Seer Fish Scomberomorus spp.,,3282.0,,,,,25456,0.0,1213.0,,,,,166.0,1379,26835,31,7376.0,11611.0,240.0,867.0,2080.0
2011,Auxis Thazard Firgate & Bullet Tuna,,,,,,,6391,0.0,,,3966.0,,258.0,307.0,4531,10922,32,4553.0,0.0,,,1838.0
2011,Euthynnus Affinis (Kawa Kawa),,1134.0,,,,,4296,0.0,96.0,,,,1244.0,213.0,1553,5849,33,3162.0,0.0,,0.0,
2011,Katsuwonus Pelamis (Skipjack Tuna),,,,,,,2944,0.0,,11920.0,,,4020.0,50.0,15990,18934,34,2870.0,0.0,,74.0,
2011,Thunnus Tonggol (Long Tail Tuna),,,,,,,3692,0.0,105.0,,,,,112.0,217,3909,35,3692.0,0.0,,0.0,
2011,Istiophoridae (Marlin Sailfish),,,,,,,2499,0.0,0.0,,,3801.0,,22.0,3823,6322,36,2135.0,0.0,,364.0,
2011,Scombridae (Tuna Like Fishes),,1498.0,,,,,12288,60650.0,13721.0,,0.0,49.0,,44.0,74464,86752,37,1628.0,7215.0,0.0,1947.0,
2011,Trichiuridae (Hair Tails),,5536.0,,,,,27734,0.0,30273.0,,24073.0,22128.0,,4169.0,80643,108377,38,9027.0,8601.0,4570.0,0.0,
2011,Rastelliger Ranagueta Indian Macker,,,,,,,40003,11454.0,2828.0,2909.0,31118.0,732.0,,357.0,49398,89401,39,14750.0,12418.0,10412.0,0.0,2423.0
2011,"Elasmobranches (Shark, Rays, Skates)",,4359.0,,,,,43312,142603.0,7823.0,116676.0,8718.0,,546.0,495.0,276861,320173,40,16820.0,9089.0,8382.0,3615.0,1047.0
2011,Other Marine Fishes,,14966.0,,,,,80783,9881.0,18127.0,47007.0,34009.0,,759.0,0.0,109783,190566,41,24298.0,27724.0,13795.0,0.0,0.0
2011,Decapods - (a) Penaeid Prawn,,8437.0,,,,,68434,29946.0,2557.0,1679.0,37515.0,8008.0,,469.0,80174,148608,42,16701.0,32090.0,8448.0,490.0,2268.0
2011,Decapods - (b) Non-Penaeid Prawn,,2210.0,,,,,24763,7167.0,2820.0,394.0,62785.0,,,142.0,73308,98071,43,9649.0,8577.0,3396.0,184.0,747.0
2011,Decapods - (c) Other Crust Crab,,,,,,,7801,0.0,,,288.0,,,15.0,303,8104,44,7801.0,0.0,0.0,0.0,
2011,Natanian Decapods,,,,,,,20,0.0,1139.0,4514.0,,1236.0,,14.0,6903,6923,45,20.0,0.0,0.0,0.0,
2011,Marine Crust Crab,,2027.0,,,,,32378,32493.0,16192.0,14054.0,1956.0,1012.0,,190.0,65897,98275,46,475.0,28890.0,263.0,723.0,
2011,Cephalopods - (a) Squid & Cuttle Fish,,1613.0,,,,,12835,663.0,,,11223.0,49.0,,520.0,12455,25290,47,4613.0,6572.0,20.0,17.0,
2011,Cephalopods - (b) Other Molluscs,,16.0,,,,,2642,6109.0,,,,,,0.0,6109,8751,48,1329.0,0.0,0.0,0.0,1297.0
2011,Thunnus albacares (Yellowfin tuna),,,,,,,1859,,14.0,,,,5630.0,41.0,5685,7544,49,1603.0,,160.0,96.0,
2011,Thunnus obesus (Bigeye tuna),,,,,,,1109,,28.0,,,,,87.0,115,1224,50,1109.0,,,0.0,
2011,Istiophorus platypterus (Indo-Pacific sailfish),,,,,,,34,,,,,,,,0,34,51,34.0,,,,
2011,Xiphias gladius (Swordfish),,,,,,,165,,2.0,,,,,,2,167,52,9.0,,,156.0,
2011,Panaeus monodon (Giant tiger prawn),,,,,,,8068,,32.0,,,,,,32,8100,53,8068.0,,,,
2011,Panaeus spp (Panaeus shrimps nei),,,,,,,20589,,,,,,,,0,20589,54,20589.0,,,,
2011,Euphausia superba (Antarctic Krill),,,,,,,0,,18191.0,,,,,,18191,18191,55,0.0,,,,
2011,Crustacea (Marine crustaceans),,,,,,,2014,,,,,,,,0,2014,56,0.0,683.0,,,1331.0
2011,Rana spp (Frogs),,,,,,,18,,,,,,,,0,18,57,18.0,,,,
2011,Ascidiacea (Sea squirts),,,,,,,9,,55271.0,,,6605.0,,,61876,61885,58,9.0,,,,
2011,Unspecified,,,,,,,34548,,,,9015.0,,,,9015,43563,59,20353.0,256.0,0.0,2990.0,10949.0
2011,Deep Sea Fishing Sector @,,,,,,,1372,,,,,,,,0,1372,60,1372.0,,,,
2011,Misc.,,,,,,,43289,,,,,,,,0,43289,61,0.0,43289.0,,,
2011,Total,,118389.0,,,,,1115478,647233.0,347379.0,553601.0,433684.0,86205.0,13145.0,21931.0,2103178,3218656,Total,315412.0,426735.0,180201.0,34680.0,40061.0
2012,"Catfishes (Wallago attu, pangasius )",,,,,,,0,,,,,,,,0,0,1,,,,,
2012,Hilsa Ilisha (Tenualosa),,2556.0,,,,,14171,1714.0,,,1432.0,,,513.0,3659,17830,2,2758.0,,8510.0,314.0,33.0
2012,Flat Fish,,1535.0,,,,,6099,11508.0,8419.0,,6690.0,3683.0,,129.0,30429,36528,3,3498.0,,0.0,39.0,1027.0
2012,Bregmaceros,,,,,,,2829,0.0,,,973.0,,,,973,3802,4,233.0,2234.0,0.0,0.0,362.0
2012,Harpodon Neherus,,1345.0,,,,,12707,99172.0,,,75437.0,,,505.0,175114,187821,5,1547.0,0.0,9505.0,0.0,310.0
2012,Sea Catfishes,,5156.0,,,,,41134,24971.0,3181.0,179.0,14957.0,364.0,,1394.0,45046,86180,6,13782.0,4468.0,16745.0,203.0,780.0
2012,Lizard Fishes,,,,,,,5110,0.0,8239.0,,1212.0,,,14.0,9465,14575,7,3414.0,1202.0,0.0,11.0,483.0
2012,Muraenesox spp.. (Eels),,1540.0,,,,,5267,4843.0,673.0,166.0,2831.0,,,38.0,8551,13818,8,3441.0,0.0,109.0,0.0,177.0
2012,Lactarius (Parava),,,,,,,2013,0.0,1265.0,3381.0,2729.0,,,0.0,7375,9388,9,826.0,202.0,0.0,524.0,461.0
2012,Leiognathus (Silver Bellies),,2634.0,,,,,47180,0.0,6819.0,5144.0,941.0,1146.0,,58.0,14108,61288,10,5717.0,34285.0,93.0,3190.0,1261.0
2012,Sciaenidae (Croackers),,7981.0,,,,,56337,186998.0,2807.0,8620.0,18138.0,1629.0,,2955.0,221147,277484,11,15252.0,13663.0,17876.0,1014.0,551.0
2012,Upeneus spp.. (Goat Fish),,0.0,,,,,20889,0.0,,,14362.0,1764.0,80.0,0.0,16206,37095,12,4553.0,15275.0,133.0,13.0,915.0
2012,Lates Sp. Lutjanus (Perches),,5142.0,,,,,61246,13649.0,8710.0,29376.0,283.0,,290.0,1285.0,53593,114839,13,12496.0,27844.0,10248.0,4092.0,1424.0
2012,Hemirhamphus spp.. (Half Beaks),,,,,,,4519,0.0,1139.0,,465.0,,,23.0,1627,6146,14,1235.0,2621.0,110.0,244.0,309.0
2012,Exocoetus (Flying Fish),,,,,,,4886,0.0,136.0,,,,171.0,4.0,311,5197,15,187.0,4210.0,0.0,0.0,489.0
2012,Sphyraena spp. (Barracudas),,,,,,,8038,0.0,2452.0,2025.0,,160.0,25.0,10.0,4672,12710,16,1027.0,3417.0,0.0,2916.0,678.0
2012,Mugilidae (Mullets),,4337.0,,,,,32929,5799.0,2941.0,1614.0,320.0,226.0,,127.0,11027,43956,17,13538.0,2750.0,9435.0,1964.0,905.0
2012,Polynemidae (Indian Salmon),,,,,,,7906,2242.0,43351.0,66.0,1743.0,,,362.0,47764,55670,18,4843.0,2019.0,321.0,311.0,412.0
2012,Caranax spp.. (Kala Bangada),,,,,,,18743,0.0,17417.0,26614.0,5336.0,,,392.0,49759,68502,19,1126.0,14654.0,1514.0,0.0,1449.0
2012,Trachinotus spp..,,,,,,,1730,0.0,,,,,,251.0,251,1981,20,699.0,1031.0,0.0,0.0,0.0
2012,Carangidae (Bangada),,4673.0,,,,,18114,7153.0,9492.0,19852.0,,237.0,,1037.0,37771,55885,21,3225.0,0.0,6157.0,3618.0,441.0
2012,Stromatidae (Butter Fish),,5689.0,,,,,35815,0.0,785.0,9381.0,12559.0,656.0,,1051.0,24432,60247,22,17968.0,2234.0,9924.0,0.0,
2012,Sardinella Indian Oil Sardine,,5816.0,,,,,82924,0.0,93107.0,149659.0,46197.0,32315.0,,87.0,321365,404289,23,22227.0,50181.0,3139.0,0.0,1561.0
2012,Engraulidae (Anchovies),,2703.0,,,,,46786,11230.0,2508.0,32333.0,18836.0,50.0,,2589.0,67546,114332,24,14327.0,17633.0,8593.0,2950.0,580.0
2012,Other Clupeids,,10182.0,,,,,64360,11324.0,6535.0,14491.0,2115.0,2925.0,,413.0,37803,102163,25,17269.0,24962.0,7689.0,3461.0,797.0
2012,Chirocentrus spp.,,1674.0,,,,,21251,5021.0,485.0,246.0,2814.0,98.0,,248.0,8912,30163,26,955.0,18242.0,0.0,0.0,380.0
2012,Wahoo,,,,,,,18,0.0,,,,174.0,111.0,0.0,285,303,27,18.0,0.0,0.0,,
2012,Spanish Mackerels,,,,,,,5433,0.0,2573.0,,,,,511.0,3084,8517,28,5433.0,,0.0,,
2012,King Mackerel (Indo-Pacific),,,,,,,15201,0.0,,44237.0,,,,232.0,44469,59670,29,2699.0,12502.0,0.0,,
2012,Struooed Seerfish (Thazard Cirrus),,,,,,,78,0.0,,,6315.0,,,0.0,6315,6393,30,78.0,0.0,0.0,,
2012,Seer Fish Scomberomorus spp.,,3571.0,,,,,28279,9634.0,305.0,2477.0,2072.0,1616.0,,163.0,16267,44546,31,9600.0,11690.0,853.0,870.0,1695.0
2012,Auxis Thazard Firgate & Bullet Tuna,,,,,,,14449,0.0,,,3189.0,,102.0,301.0,3592,18041,32,12705.0,,,,1744.0
2012,Euthynnus Affinis (Kawa Kawa),,692.0,,,,,2761,0.0,378.0,,,,312.0,208.0,898,3659,33,2069.0,,,0.0,
2012,Katsuwonus Pelamis (Skipjack Tuna),,,,,,,2063,0.0,,,,,5100.0,49.0,5149,7212,34,2003.0,,,60.0,
2012,Thunnus Tonggol (Long Tail Tuna),,,,,,,1122,0.0,,11950.0,,,,109.0,12059,13181,35,1122.0,,,0.0,
2012,Istiophoridae (Marlin Sailfish),,,,,,,631,0.0,381.0,,,,,21.0,402,1033,36,232.0,,,399.0,
2012,Scombridae (Tuna Like Fishes),,1514.0,,,,,13366,0.0,257.0,,,2621.0,,44.0,2922,16288,37,2324.0,7264.0,0.0,2264.0,
2012,Trichiuridae (Hair Tails),,4296.0,,,,,26435,39061.0,10893.0,,27779.0,644.0,,4086.0,82463,108898,38,12253.0,8571.0,1315.0,0.0,
2012,Rastelliger Ranagueta Indian Macker,,,,,,,39586,0.0,17089.0,,13034.0,17860.0,,350.0,48333,87919,39,29407.0,0.0,8094.0,0.0,2085.0
2012,"Elasmobranches (Shark, Rays, Skates)",,3460.0,,,,,53652,8770.0,1454.0,2887.0,7572.0,278.0,659.0,485.0,22105,75757,40,21452.0,17830.0,6724.0,3298.0,888.0
2012,Other Marine Fishes,,14277.0,,,,,100826,164593.0,9848.0,111328.0,33624.0,,828.0,0.0,320221,421047,41,52136.0,23913.0,10500.0,0.0,
2012,Decapods - (a) Penaeid Prawn,,8554.0,,,,,76700,8789.0,4144.0,45089.0,42046.0,,,460.0,100528,177228,42,25903.0,32309.0,7328.0,526.0,2080.0
2012,Decapods - (b) Non-Penaeid Prawn,,4152.0,,,,,43308,40867.0,10474.0,1664.0,58493.0,8968.0,,139.0,120605,163913,43,27161.0,8636.0,2562.0,187.0,610.0
2012,Decapods - (c) Other Crust Crab,,,,,,,1879,4717.0,1901.0,385.0,591.0,,,15.0,7609,9488,44,1879.0,,0.0,0.0,
2012,Natanian Decapods,,,,,,,1027,0.0,,,,12.0,,14.0,26,1053,45,1027.0,0.0,0.0,0.0,
2012,Marine Crust Crab,,1859.0,,,,,32034,0.0,,4466.0,3110.0,1160.0,,186.0,8922,40956,46,184.0,29087.0,163.0,741.0,
2012,Cephalopods - (a) Squid & Cuttle Fish,,1057.0,,,,,14388,26685.0,24388.0,13814.0,15880.0,1180.0,,509.0,82456,96844,47,2680.0,10616.0,18.0,17.0,
2012,Cephalopods - (b) Other Molluscs,,77.0,,,,,1428,797.0,355.0,,,6.0,,0.0,1158,2586,48,155.0,0.0,0.0,0.0,1196.0
2012,Thunnus albacares (Yellowfin tuna),,,,,,,12788,3639.0,,,,,5578.0,40.0,9257,22045,49,12611.0,,96.0,81.0,
2012,Thunnus obesus (Bigeye tuna),,,,,,,10089,,1160.0,,,,,85.0,1245,11334,50,10087.0,,,2.0,
2012,Istiophorus platypterus (Indo-Pacific sailfish),,,,,,,33,,,,,,,,0,33,51,33.0,,,,
2012,Xiphias gladius (Swordfish),,,,,,,184,,,,,,,,0,184,52,9.0,,,175.0,
2012,Panaeus monodon (Giant tiger prawn),,,,,,,1278,,0.0,,,,,,0,1278,53,1278.0,,,,
2012,Panaeus spp (Panaeus shrimps nei),,,,,,,840,,0.0,,,,,,0,840,54,840.0,,,,
2012,Euphausia superba (Antarctic Krill),,,,,,,539,,26523.0,,,,,,26523,27062,55,539.0,,,,
2012,Crustacea (Marine crustaceans),,1.0,,,,,5439,,494.0,,,,,,494,5933,56,3165.0,687.0,,,1586.0
2012,Rana spp (Frogs),,,,,,,0,,,,,,,,0,0,57,0.0,,,,
2012,Ascidiacea (Sea squirts),,,,,,,6,,,,,,,,0,6,58,6.0,,,,
2012,Unspecified,,,,,,,18997,,22556.0,,16507.0,6856.0,,,45919,64916,59,14917.0,258.0,0.0,2974.0,848.0
2012,Deep Sea Fishing Sector @,,,,,,,1616,,,,,,,,0,1616,60,1616.0,,,,
2012,Misc.,,,,,,,23151,,,,,,,,0,23151,61,,23151.0,,,
2012,Total,,106473.0,,,,,1172607,693176.0,355634.0,541444.0,460582.0,86628.0,13256.0,21492.0,2172212,3344819,Total,423764.0,429641.0,147754.0,36458.0,28517.0
